{"cameraMode":{"drawMode":0,"name":"Shaded","section":"Shading Mode"},"sceneLighting":true,"audioPlay":false,"sceneViewState":{"showFog":true,"showMaterialUpdate":false,"showSkybox":true,"showFlares":true,"showImageEffects":true,"showParticleSystems":true},"in2DMode":false,"pivot":{"x":1.163177490234375,"y":-1.3817625045776368,"z":-0.13681316375732423},"rotation":{"x":-0.5476087927818298,"y":0.11020112782716751,"z":-0.07303979992866516,"w":-0.8262236714363098},"size":21.09615135192871,"orthographic":true}