{"cameraMode":{"drawMode":0,"name":"Shaded","section":"Shading Mode"},"sceneLighting":true,"audioPlay":false,"sceneViewState":{"showFog":true,"showMaterialUpdate":false,"showSkybox":true,"showFlares":true,"showImageEffects":true,"showParticleSystems":true},"in2DMode":false,"pivot":{"x":-0.40793895721435549,"y":-5.504001617431641,"z":0.9805383682250977},"rotation":{"x":-0.4003521203994751,"y":0.27974772453308108,"z":-0.12979057431221009,"w":-0.8629100918769836},"size":14.460926055908204,"orthographic":false}